{"query_clicks": {"python": {"doc3.txt": [1764154116.1424358, 1764154116.3548677]}}, "global_clicks": {"doc3.txt": [1764154116.1424358, 1764154116.3548677]}}